Date,USGG10YR,USSWIT1_proxy_T5YIE,RCPPTAPP_approve,INDU,CO1_Brent,z_10Y,z_swap,z_approval,z_DJIA,z_Brent,composite_S,TACO_Index_T,TRHBCCCD_n_total
2026-03-27,4.44,2.56,40.14414,45166.64,112.56999969482422,2.935682027650696,1.417269966942397,0.4214736452869566,-0.10933648145969774,4.484812797293876,1.8299803911428456,1.608509186242877,2.0
2026-03-28,4.44,2.56,40.14414,45166.64,112.56999969482422,2.8341863448279287,1.2387935391459335,0.5129731075501809,-0.107310064592429,4.3624441163413366,1.7682174086545903,1.607491123917413,6.0
2026-03-29,4.44,2.56,40.14414,45166.64,112.56999969482422,3.0010924132252903,1.1482553603354237,1.0992914610645885,-0.10707835736915484,4.267287985164774,1.8817697724841842,1.6160897756466588,5.0
2026-03-30,4.35,2.57,39.85393,45216.14,112.77999877929688,2.702130978495588,1.4909570583002474,1.216678976158552,-0.11070310372481211,4.017461311579352,1.8633050441617853,1.6996645976451563,6.0
2026-03-31,4.3,2.54,39.70806,46341.51,118.3499984741211,2.3473318076342307,1.2260112582320273,1.3297930624458965,-0.12367861126372977,4.475925534183591,1.8510766102464031,1.7448275894195027,5.0
2026-04-01,4.33,2.55,39.53173,46565.74,101.16000366210938,2.5242346547008565,1.3085920044210395,1.4655911566574682,-0.12760372141637946,2.7007388189587753,1.574310582664352,1.782981272667723,7.0
2026-04-02,4.31,2.57,39.72491,46504.67,109.02999877929688,1.8510668305769142,0.9586767645384668,1.43850552054206,-0.12761375104755987,2.928676009842805,1.4098622748905372,1.7397888691778138,1.0
2026-04-03,4.35,2.61,39.44855,46504.67,109.02999877929688,2.0363420871689204,1.302016861960137,1.509552819492764,-0.13672854732722953,2.5395086963264077,1.4501383835241999,1.6855257252322933,3.0
2026-04-04,4.35,2.61,39.44855,46504.67,109.02999877929688,1.82899166288111,1.2977243325325127,1.8593463212841161,-0.13067287176694276,2.51654264752965,1.4743864184920894,1.643549869494793,11.0
2026-04-05,4.35,2.61,39.44855,46504.67,109.02999877929688,1.5598024323752298,0.8620313681559442,1.3726621312329579,-0.15724360732105674,2.107186957931478,1.1488878564749105,1.5388524529220398,4.0
2026-04-06,4.34,2.6,39.76783,46669.88,109.7699966430664,1.3584627791666384,0.34078337622942806,1.1002335005203212,-0.21419615069982031,1.4598097255162172,0.8090186461465569,1.3882401103484356,5.0
2026-04-07,4.33,2.61,39.89987,46584.46,109.2699966430664,1.2888034324844992,0.42706008007614515,0.9923208828419938,-0.20126573085448052,1.4056923063967874,0.782522194188989,1.2355894794830906,3.0
2026-04-08,4.29,2.56,39.53211,47909.92,94.75,1.0246009277479498,-0.007820654414492268,1.3527601819405395,0.19952144489665694,-0.015434339068468713,0.510725512220437,1.08364875513396,3.0
2026-04-09,4.29,2.56,39.5354,48185.8,95.91999816894531,1.2171465441962361,-0.007811203000635835,0.8418836194467031,0.1777162353009377,-0.5144168723412595,0.34290366472039635,0.9312260965382256,8.0
2026-04-10,4.31,2.58,39.56138,47916.57,95.19999694824219,1.1485466805575715,0.4275273703278139,0.8701129177174342,0.4635516042452845,0.5087830243760133,0.6837043194448235,0.8217355159554575,3.0
2026-04-11,4.31,2.58,39.56138,47916.57,95.19999694824219,0.7550594263900257,-0.008843468053014307,0.6181789213852674,0.14710714664086108,0.09831301988490727,0.3219630092496094,0.657103600349389,7.0
2026-04-12,4.31,2.58,39.6376,47916.57,95.19999694824219,0.3623075843049038,-0.4451115669454709,0.5315542347084906,0.009828432102962945,-0.7338056429328527,-0.05504539175239324,0.485113136316917,12.0
2026-04-13,4.3,2.61,39.6255,48218.25,99.36000061035156,0.23112562563901135,-0.007770153659849336,0.2784626759594141,-0.013262166098535207,-0.5873105465291681,-0.019750912937825448,0.3667174850191481,7.0
2026-04-14,4.26,2.59,39.54601,48535.99,94.79000091552734,-0.03091592817545587,-0.1826878866052298,0.5213342556107455,-0.024059416541132594,-1.0345169234073601,-0.15016917982368655,0.23347586016019445,5.0
2026-04-15,4.29,2.61,39.69151,48463.72,94.93000030517578,0.16567582016140267,-0.0073323297072251745,0.40413275595810183,-0.021885596706076853,-1.0182552839572787,-0.09553292685021525,0.14686751172152984,7.0
2026-04-16,4.32,2.6,39.759,48578.72,99.38999938964844,0.6898592242180721,0.1680190108234699,0.3061315905752546,-0.0114613772609763,-0.2906565120632621,0.17237838725851165,0.12250675779840343,3.0
2026-04-17,4.26,2.56,39.83741,49447.43,90.37999725341797,0.49198559559647376,-0.5342081228897363,0.08186618876115968,-0.03459213663846509,-1.488774128457122,-0.29674452072553803,-0.01755736222593392,8.0
2026-04-18,4.26,2.56,39.83741,49447.43,90.37999725341797,0.09721850418111327,-0.8841572960708729,-0.27717080814863915,-0.04612906618367922,-1.8682872091186538,-0.5957051750681464,-0.14865281712847045,20.0
2026-04-19,4.26,2.56,39.67382,49447.43,90.37999725341797,0.16287362279637826,-0.4436397323883949,-0.0014906831273932876,-0.04827680146044068,-1.9811937162232554,-0.46234546208062116,-0.20683854146107444,2.0
2026-04-20,4.26,2.57,40.0697,49442.56,95.4800033569336,-0.7587160644812088,-0.5308982172855113,-0.19096836794626498,-0.05218485156084665,-1.819396072067709,-0.6704327146683081,-0.29979308456542914,3.0
2026-04-21,4.3,2.6,39.30342,49149.38,98.4800033569336,-0.4941450840269587,-0.2661532067257926,0.4268519091472289,-0.049781874657362016,-1.5210277724923287,-0.3808512057510426,-0.33274765969790854,4.0
2026-04-22,4.3,2.61,38.826,49490.03,101.91000366210938,-0.49342440066410614,-0.1777048144915157,0.6992503086833579,-0.05241421954492782,-1.1838879104386406,-0.24163620729116647,-0.35361955690375874,5.0
2026-04-23,4.34,2.58,38.96533,49310.32,105.06999969482422,0.10117121445597173,0.4400179751425622,0.5662490891898471,-0.0444764934225701,0.31460029592195804,0.2755124162575538,-0.33888612418960984,3.0
2026-04-24,4.31,2.61,39.1582,49230.71,105.33000183105469,-0.4274887981126844,0.5276469548978678,0.10403307103700395,-0.04454636848416212,-0.10299742000242694,0.01132948786711966,-0.2948755515335159,6.0
2026-04-25,4.31,2.61,39.1582,49230.71,105.33000183105469,-0.03013508546154873,0.879792796405826,0.1167076125093093,-0.04029464785500309,0.11815049428936295,0.20884423397758928,-0.17993992166983938,4.0
2026-04-26,4.31,2.61,39.1582,49230.71,105.33000183105469,-0.6257957089120133,0.4366093420339479,0.16457641970196724,-0.046385610601515734,-0.44630833851037793,-0.10346077925759836,-0.1286706812665504,3.0
2026-04-27,4.35,2.62,39.40571,49167.79,108.2300033569336,-0.49239701866627456,0.5244322782732389,-0.0018441144342811625,-0.053065962360729774,-0.60750275520958,-0.1260755144795253,-0.050905366953867145,7.0
2026-04-28,4.36,2.63,39.24376,49141.93,111.26000213623047,-0.4254125521564221,0.6121311334618119,0.12961763225375475,-0.052825362778343786,-0.31089843614488594,-0.009477517072817031,0.0021480171430222224,10.0
2026-04-29,4.42,2.67,39.4491,48861.81,118.02999877929688,-0.02658642850222288,0.964926297824741,-0.037406387322343186,-0.05066099890590336,0.3511688588755475,0.24028826839396383,0.07099437081232655,39.0
2026-04-30,4.4,2.67,39.45932,49652.14,114.01000213623047,0.43861112329105284,0.874398479968936,-0.2817727217977448,-0.055565940068891914,-0.06313306616901569,0.1825075750448673,0.05770796492479991,11.0
2026-05-01,4.39,2.69,39.08748,49499.27,108.16999816894531,0.7038194018023486,1.3141043183916397,-0.09739884166004842,-0.04453058341041884,-1.1789040116038891,0.13941805670392637,0.07600633190148658,7.0
2026-05-02,4.39,2.69,39.08748,49499.27,108.16999816894531,0.5031644382526791,1.2218998572796826,-0.24105413982945065,-0.0415433913431681,0.5054927074049808,0.3895918943529447,0.10182742624082308,6.0
2026-05-03,4.39,2.69,39.08748,49499.27,108.16999816894531,0.6355441518236816,1.0421161183456098,-0.0830841614574948,-0.04234006237248788,-0.26633290520662334,0.2571806282265371,0.15334762730998527,6.0
2026-05-04,4.45,2.72,39.0491,48941.9,114.44000244140625,0.7676417817633339,0.9514057731676121,-0.2774516080237153,-0.033568962818419014,0.34904788662865227,0.35141497414349276,0.22156055425613072,2.0
2026-05-05,4.43,2.67,39.04836,49298.25,109.87000274658203,0.6330743766387428,0.5074580826366644,-0.2765065563436447,-0.03951573778349817,-0.10014527435445719,0.1448729781587614,0.24361062500349906,0.0
2026-05-06,4.36,2.58,38.96943,49910.59,101.2699966430664,0.16511600522766737,-0.2906572196862946,-0.21154062296018306,-0.04683862569058948,-0.9445911068824493,-0.2657023139983698,0.17132625609030855,0.0
2026-05-07,4.41,2.61,38.96943,49596.97,100.05999755859375,0.5656555311637393,0.06451708061028248,0.050465636060970404,-0.0411415361818119,-1.133599802733504,-0.09882061821606472,0.1311365141958897,0.0
2026-05-08,4.38,2.62,38.82374,49609.16,101.29000091552734,0.43117769410453366,0.06444391771009353,0.2783447728772037,-0.04243421483913495,-0.9612551417276547,-0.04594459437499175,0.10465613547032995,0.0
2026-05-09,4.38,2.62,38.82374,49609.16,101.29000091552734,0.6980496468861631,0.5087862429063039,-0.02414303598714317,-0.010783980786365506,0.4671032113910254,0.32780241688199674,0.09582906726019454,1.0
2026-05-10,4.38,2.62,38.82374,49609.16,101.29000091552734,0.6968817277304618,0.5080658361287856,-0.02140954859352847,0.003221900859489314,0.35140997401281443,0.30763397802760456,0.10303668866034703,7.0
2026-05-11,4.42,2.67,38.80543,49704.47,104.20999908447266,0.8294830736982076,0.7741593296171548,0.015088414702672004,-0.014243651335061301,0.7091172718524388,0.46272088770708236,0.11893753345514554,7.0
2026-05-12,4.46,2.69,38.53104,49760.56,107.7699966430664,1.095222743286012,0.950530070462962,0.2412783279722443,-0.01624827368093864,1.0578101789218612,0.6657186093924282,0.19334405220281223,3.0
2026-05-13,4.46,2.7,38.52935,49693.2,105.62999725341797,1.0925315283221533,1.0373247784635915,0.30527856996689157,-0.013785424636702485,0.8450908434989873,0.6532880591229843,0.3246283912201485,4.0
2026-05-14,4.47,2.67,38.52935,50063.46,105.72000122070312,1.2232727225495534,0.5013979109406073,0.2949129565381986,-0.015854046631142652,0.4428961923859548,0.4893251471566343,0.4086492148448198,10.0
2026-05-15,4.59,2.7,38.47079,49526.17,109.26000213623047,2.280065387676843,0.945792065250678,0.27725168812105533,0.04107954915740889,1.2403399326404034,0.9569057245692777,0.5519135461225726,4.0
2026-05-16,4.59,2.7,38.47079,49526.17,109.26000213623047,2.0676361235999865,0.765860287351815,0.3973302572045375,0.0325631316921217,1.2231137686237525,0.8973007136944426,0.6332704456672077,7.0
2026-05-17,4.59,2.7,38.49928,49526.17,109.26000213623047,1.8589231465532328,0.8535509529230378,0.42912008195994655,0.04662984351796517,0.7817448234403667,0.7939937696789098,0.7027504159031085,3.0
2026-05-18,4.61,2.69,38.41823,49686.12,112.0999984741211,2.371727444506916,1.1188249782644175,0.56070806421406,0.43547528800106244,1.940896751456116,1.2855265052885145,0.8202940755575988,4.0
2026-05-19,4.67,2.66,38.35833,49363.88,111.27999877929688,2.74130032863861,0.8492114356455945,0.6095585846305662,-1.5563313167589208,1.8510983862118857,0.8989674836735471,0.8536153433120443,4.0
2026-05-20,4.57,2.59,38.51088,50009.35,105.0199966430664,2.074272775302865,0.22343642809539613,0.3462492370442421,0.1405953616778055,1.233427323597418,0.8035962251435453,0.8750879384578388,8.0
2026-05-21,4.57,2.57,38.29062,50285.66,102.58000183105469,2.0622480487522687,-0.044874341515413134,0.8574519698132624,0.06716535884745523,0.4933588913956804,0.6870699854586507,0.9033372010724126,5.0
2026-05-22,4.56,2.54,38.80492,50579.7,103.54000091552734,1.7296030605440649,-0.5813317443659216,-0.2085052174995288,0.006411601450963896,0.29279520682367993,0.24779458139065164,0.8020356091897517,2.0
2026-05-23,4.56,2.54,38.80492,50579.7,103.54000091552734,1.7220743223838915,-0.6698853562063696,-0.6055114129229554,0.034061947122764835,-0.04413127789273368,0.08732164449691952,0.6863243135901056,6.0
2026-05-24,4.56,2.54,38.86402,50579.7,103.54000091552734,1.4581902764069348,-0.4003643422439188,-0.5378383861022416,0.01756618053229692,-0.354484597879348,0.036613826142744665,0.5781271787992247,5.0
2026-05-25,4.56,2.54,38.87349,50579.7,103.54000091552734,1.6454151562443349,-0.6685700884453681,-0.38427516601728556,0.01165114852237627,-0.37960736838327447,0.0449227363841566,0.40089806895574503,4.0
2026-05-26,4.5,2.53,38.89331,50461.68,99.58000183105469,1.2547804156296647,-0.757080862895393,-0.4003291586467312,0.020421026293252466,-0.7684840544853621,-0.1301385268209138,0.25388292459939354,4.0
2026-05-27,4.48,2.53,38.63374,50644.28,94.29000091552734,1.1230609574061947,-0.7557903527846123,-0.1830622758466488,0.007417240136930682,-1.286257946062972,-0.2189264754302215,0.1078082530888554,1.0
2026-05-28,4.45,2.54,38.48932,50668.97,93.70999908447266,0.6707968332787109,-0.7545064240014434,0.14486850441178445,0.0021908365689150776,-1.6226510202454036,-0.31186025399748735,-0.034896066833450035,2.0
2026-05-29,4.45,2.52,38.47689,51032.46,92.05000305175781,0.6054053312381319,-1.0220424659809215,0.01954872867908529,-0.01483267740449288,-2.071880647003796,-0.4967603460943987,-0.1412610564741715,1.0
2026-05-30,4.45,2.52,38.47689,51032.46,92.05000305175781,0.21791190219762843,-1.377434232200187,0.19159738687897693,-0.023598704724970273,-2.7104660027961147,-0.7403979301289333,-0.2595067099921505,4.0
2026-05-31,4.45,2.52,38.60836,51032.46,92.05000305175781,0.34670972722338594,-1.373150919502173,0.08967591569603595,0.010399462213309365,-2.3034959949495803,-0.6459723618638045,-0.3570190225645146,5.0
2026-06-01,4.47,2.54,38.51324,51078.88,94.9800033569336,0.5399680142220699,-1.3689073440552162,-0.14280279480551378,-0.0013221231180067202,-1.4492685602164284,-0.484466561594619,-0.43264606513291115,2.0
2026-06-02,4.46,2.52,38.59551,51307.79,96.0,0.47462660523148387,-1.5426294137480487,-0.21180223313482394,-0.011352411760782244,-1.3465225992710612,-0.5275360105366464,-0.48941713423515865,11.0
2026-06-03,4.49,2.53,38.55532,50687.07,97.80999755859375,0.6679098843626748,-1.4482728906475206,-0.17774881694036865,0.024873941829487878,-1.1686204990091904,-0.42037167608098336,-0.5181950200424104,9.0
2026-06-04,4.47,2.48,38.87171,51561.93,95.02999877929688,0.14926197725173895,-2.1506811979233147,-0.4763075434705883,-0.033432113441262,-2.031743178320971,-0.9085804111808795,-0.603440756782895,3.0
2026-06-05,4.55,2.48,38.98804,50866.78,93.08999633789062,0.7966583048841879,-1.698206019700283,-0.5743024955851709,-0.0010460027421708583,-1.7706593309874739,-0.6495111088261821,-0.6252622943160068,2.0
2026-06-06,4.55,2.48,38.98804,50866.78,93.08999633789062,1.2475829433256984,-0.8963726827589682,-0.6400088415284518,0.05170674641131597,-0.9425946440365115,-0.23593729571738345,-0.5531964894000712,2.0
2026-06-07,4.55,2.48,38.99933,50866.78,93.08999633789062,0.9214482988510799,-1.1602370048881154,-0.6485731071840749,0.01824296408953609,-0.8248694120074669,-0.3387976522278082,-0.5093143880235004,2.0
2026-06-08,4.56,2.47,38.62694,50786.01,94.25,1.1779638607076517,-1.3340709140329425,-0.4562779782418715,0.02610355961383403,-0.8301115064345578,-0.28327859567757724,-0.4805732500353515,7.0
2026-06-09,4.53,2.44,38.46729,50872.11,91.44999694824219,0.9813803629211133,-1.5945120505173018,-0.32078110355837985,0.0187530299396516,-1.096749967069341,-0.4023819456568516,-0.4626940979096665,4.0
2026-06-10,4.55,2.44,38.74722,49918.78,93.0999984741211,1.1084715789270365,-1.5885814933986582,-0.5571623898443302,0.3272163771868529,-0.9362961007851641,-0.32927040558285264,-0.4496796306956478,3.0
2026-06-11,4.45,2.4,38.88708,50848.75,90.37999725341797,0.20056427895678725,-2.368649514516156,-0.690186070099648,0.02867538801490006,-1.4735482419824308,-0.8606288319253095,-0.44282940508770924,2.0
2026-06-12,4.48,2.39,38.76539,51202.26,87.33000183105469,0.1355192045564531,-2.6112213350089233,-0.8182804599144088,0.005840335887552047,-2.0962271674299555,-1.0768738843818564,-0.5038812301670913,1.0
2026-06-13,4.48,2.39,38.62141,51202.26,87.33000183105469,0.13537506525213688,-2.67560159346316,-0.6964558348238173,0.0017779415758471678,-1.8824735528302776,-1.0234755948578542,-0.6163867014728729,0.0
2026-06-14,4.48,2.39,38.57901,51202.26,87.33000183105469,0.0702669390941207,-2.3975699381259425,-0.6594684843755304,0.030032557561339965,-1.8820630197551953,-0.9677603891202414,-0.7062385210289347,0.0
2026-06-15,4.47,2.4,38.59803,51671.03,83.16999816894531,-0.7747682668666045,-2.550451121828434,-0.7242218442198691,-0.023513486534379253,-2.5936078917316427,-1.333312522236186,-0.8562433676801645,7.0
2026-06-16,4.43,2.36,38.76577,51999.67,78.95999908447266,-1.0330585498539844,-2.8667056088578198,-0.8652138147317785,-0.031363685650609506,-2.9612178588311586,-1.5515119035850702,-1.0204047902413387,10.0
2026-06-17,4.49,2.31,38.88559,51492.55,79.55000305175781,-0.6413703280192726,-3.2537594276203694,-0.9410130908812832,-0.018063190533604924,-2.8777091867163636,-1.5463830447541786,-1.194278024408671,8.0
2026-06-18,4.46,2.27,38.60933,51564.7,79.8499984741211,-0.9652570377630405,-3.459855667123426,-0.7737510596234933,-0.014797735984280155,-3.080121452096093,-1.6587565905180668,-1.3082962756362075,20.0
2026-06-19,4.46,2.27,39.14975,51564.7,79.8499984741211,-1.3522995812784582,-3.1722246898771953,-1.2808802244274051,-0.025130583129055653,-2.973702728251591,-1.760847561392741,-1.4060068009234767,9.0
2026-06-20,4.46,2.27,39.14975,51564.7,79.8499984741211,-0.7000952224758724,-2.572372085383368,-1.1484498376619394,-4.30114091166031e-05,-2.3842023435526545,-1.3610325000965902,-1.454229215957582,25.0
2026-06-21,4.46,2.27,39.16558,51564.7,79.8499984741211,-0.6990229525542585,-2.3910807189306094,-1.3451624806718747,0.018436158456141213,-2.149444422980068,-1.313254883336134,-1.5035855722741382,6.0
2026-06-22,4.51,2.28,38.82915,51712.71,77.9000015258789,-0.30758922818333595,-2.052466395627039,-0.6219665562904161,0.03217518220086447,-2.396661376343026,-1.0693016748485904,-1.4658697369330531,16.0
2026-06-23,4.5,2.24,38.77928,51666.84,77.08000183105469,-0.37239681583961237,-2.362781340187833,-0.5788053591680035,0.037012194425385246,-2.452838181711427,-1.1459619004962982,-1.4079340222060854,29.0
2026-06-24,4.41,2.19,38.8314,51848.9,73.73999786376953,-0.958211252368581,-2.7445922822181124,-0.5720940317102392,0.019701578391478434,-2.7288910101156776,-1.3968173996042264,-1.386567501470378,51.0
2026-06-25,4.4,2.23,39.43351,51920.62,75.26000213623047,-1.0213802488338017,-2.4050442988498295,-1.073914152334759,0.014159230638044817,-2.573011514666517,-1.4118381968093725,-1.351293445226279,46.0
2026-06-26,4.38,2.21,39.59198,51876.11,71.98999786376953,-0.7589510060997503,-2.467292252909658,-1.188917761820288,0.008844290653932533,-2.4932570326126666,-1.3799147525576863,-1.2968744725355568,30.0
2026-06-27,4.38,2.21,39.59198,51876.11,71.98999786376953,-0.6274004014436282,-2.449649734593816,-1.405346319889603,0.022949623493546276,-2.0160955077115976,-1.2951084680290197,-1.2874567536687611,25.0
2026-06-28,4.38,2.21,39.59198,51876.11,71.98999786376953,-0.43076978417079664,-2.5102717458272505,-1.5228603269051815,0.02516481757198741,-1.9554388546033166,-1.2788351787869117,-1.2825396530188722,16.0
2026-06-29,4.38,2.24,39.5026,52182.74,73.1500015258789,-0.43025348148805725,-2.1035259046928716,-1.452986591532986,0.03135896579733438,-1.7013985517109451,-1.131361112725505,-1.2914052870012884,26.0
2026-06-30,4.44,2.26,39.57876,52319.2,72.91999816894531,-0.03734101654433923,-1.9366723859951787,-1.512464730678197,0.019075284415097243,-1.7146566378554111,-1.0364118973316059,-1.2757552865491897,16.0
2026-07-01,4.48,2.26,39.44719,52305.24,71.56999969482422,0.22460281029814125,-1.9274345578675096,-1.286426473062331,0.020189988961985008,-1.8245526541004329,-0.9587241771540294,-1.2131705404848758,29.0
2026-07-02,4.49,2.24,39.31161,52900.07,71.80000305175781,0.1588306917400067,-2.2271545520454197,-1.2489822004877236,-0.011268454669055737,-2.0490189926656868,-1.0755187016255758,-1.165124898315762,28.0
2026-07-03,4.49,2.24,39.7339,52900.07,71.80000305175781,0.22426717904033616,-2.060228298813063,-1.5311739086209488,-0.00034986248500131834,-2.1257217228151672,-1.0986413227387688,-1.1249429797702022,24.0
2026-07-04,4.49,2.24,39.7339,52900.07,71.80000305175781,0.027032807843410996,-2.1260871048397085,-1.5596967185574082,-0.02471414444663605,-2.2682590643034017,-1.1903448448607485,-1.1099767478890208,17.0
2026-07-05,4.49,2.24,39.7339,52900.07,71.80000305175781,0.15847403482963854,-1.7318312646396528,-1.2896043278465288,0.01621378741193761,-2.01832948961186,-0.9730154519712931,-1.0662882154867896,22.0
2026-07-06,4.48,2.27,39.31454,53055.91,71.98999786376953,-0.43380697934595486,-1.4950764495335156,-0.8370217514714992,-0.023877358090202708,-1.827347806858967,-0.9234260690600278,-1.0365832092488643,25.0
2026-07-07,4.55,2.28,39.26231,52925.15,74.16000366210938,0.02760351709377578,-1.413628928502192,-0.7917350055120663,-0.01998252546349712,-1.6353180086926693,-0.7666121902153298,-0.998040393946539,26.0
2026-07-08,4.56,2.31,39.34707,52348.39,78.0199966430664,0.09349536016431836,-1.1794349207607433,-0.8521874225198776,0.005290969226512626,-1.3015057471746667,-0.6468683522128913,-0.9534895618120907,20.0
2026-07-09,4.54,2.28,39.59968,52487.41,76.30000305175781,-0.10455221566771701,-1.3299571470989449,-1.375096147096842,-0.006493367016288093,-1.5425818846054624,-0.8717361522970508,-0.9243777690508729,10.0
2026-07-10,4.56,2.28,39.7393,52637.01,76.01000213623047,0.2257920365201839,-1.0964473544812354,-1.6212927779638373,-0.009183572115347177,-1.3246096897671324,-0.7651482715614737,-0.8767359045969736,7.0
2026-07-11,4.56,2.28,39.67962,52637.01,76.01000213623047,0.09334270908803566,-1.094064031528104,-1.332054439168372,-0.03671544086370659,-1.4608574728941564,-0.7660697350732606,-0.8161251746273325,6.0
2026-07-12,4.56,2.28,40.10312,52637.01,76.01000213623047,0.754604807107947,-0.78478685375065,-1.5650205029457496,-0.010137802454279655,-1.2259803728244942,-0.5662641449734453,-0.7580178450562113,4.0
2026-07-13,4.62,2.31,39.87084,52498.64,83.30000305175781,0.9516291963978546,-0.47607085659304016,-1.4676531042520646,0.019055100032885675,-0.3447164703307014,-0.2635512269490132,-0.6637500104689236,10.0
2026-07-14,4.58,2.28,39.98224,52508.27,84.7300033569336,0.6855281267018959,-0.7063113984092945,-1.6753689184005278,0.01826731159705607,-0.22255658604679213,-0.38008829291153245,-0.6085323108540954,8.0
2026-07-15,4.55,2.25,39.78378,52658.64,84.94999694824219,0.48600271399398015,-0.935981488457441,-1.5396986400359993,0.007549044743491294,-0.20357323245913475,-0.4371403204430207,-0.5785711634583995,9.0
2026-07-16,4.57,2.24,39.6537,52552.97,84.2300033569336,0.684104095355785,-1.0879318196018555,-1.4109870911139442,0.06954016769751814,0.09020554399229402,-0.3310138207340405,-0.5013251160922552,6.0
2026-07-17,4.55,2.27,39.56981,52146.42,88.0999984741211,0.8155680149443763,-0.5473458835059731,-1.1981146676285117,0.8522108534397635,0.7798954753615973,0.14044275852225047,-0.37195496893743746,1.0
2026-07-18,4.55,2.27,39.56981,52146.42,88.0999984741211,0.41658254673772493,-0.16128394964740442,-1.0957967954488883,0.12124080796627647,0.72833691741268,0.0018159054040777418,-0.2622570202978177,6.0
2026-07-19,4.55,2.27,39.56981,52146.42,88.0999984741211,0.6151721405987803,0.14758404084082072,-1.3226661158122675,0.1473508850989022,0.7016427558341966,0.05781674131208647,-0.17310260797131316,4.0
2026-07-20,4.6,2.28,39.64525,51839.26,89.22000122070312,0.945987628735776,0.2246823614759045,-0.9334204738266688,0.4103735106615461,0.7962760173138647,0.2887798088720845,-0.09419817428258492,5.0
2026-07-21,4.63,2.28,39.26008,52224.64,91.01000213623047,1.1429803064814423,0.2244539629179099,-0.6115392026916074,0.11861709229634239,0.9478490561016255,0.36447224302114256,0.012167616564940073,6.0
2026-07-22,4.67,2.3,39.16122,52218.58,94.06999969482422,1.4049148489547274,0.3789755184800877,-0.5152478760535559,0.12042644715037447,1.2070967832587864,0.519233144358084,0.1487923972508122,6.0
2026-07-23,4.71,2.29,38.76274,51711.65,100.69000244140625,1.334878264455938,0.2236793384903564,-0.4629136816341523,-22.376340623062582,1.9320009838438719,-3.869739143581314,-0.35673979172736975,0.0
2026-07-24,4.69,2.24,38.9704,51947.25,96.77999877929688,1.2653091939890801,0.14592971803499363,-0.6770773861448218,0.11233072387901975,1.6620617160635427,0.501710793164363,-0.30513007249278223,3.0
2026-07-25,4.69,2.24,38.9704,51947.25,96.77999877929688,1.8544508814778273,0.5336674751621242,-0.6326656322063275,0.2696905591598467,1.937867085393844,0.792602073797463,-0.19216061986515579,2.0
2026-07-26,4.69,2.24,38.9704,51947.25,96.77999877929688,1.9120298224884664,0.22251110194895748,-0.12903992034992104,0.9225289074874086,1.8012418962497332,0.9458543615649289,-0.06529810268617832,3.0
2026-07-27,4.65,2.18,39.17809,52210.08,88.36000061035156,1.7729057488559397,-0.08862025423817908,-0.17007036386992896,0.09675088154669771,1.3605911749624562,0.5943114374513971,-0.021650727174847933,5.0
2026-07-28,4.61,2.16,38.88741,52747.32,84.08999633789062,1.5046534301537755,-0.24412980618852403,0.07339043689588796,0.05258204427032391,0.9967235523864575,0.4766439315035842,-0.005626200248784844,5.0
2026-07-29,4.67,2.24,38.44637,51594.14,90.73999786376953,1.8911474135791246,0.3790456590271624,0.44274018973020113,-0.059632196802949185,1.555334653789285,0.8417271438645647,0.04044437110928383,7.0
2026-07-30,4.68,2.24,38.18075,52208.06,89.02999877929688,1.947822376571238,0.14486722925794163,0.5898903612790567,0.9745123117861625,1.3089816275468313,0.993214781288246,0.7351520746620782,4.0
2026-07-31,4.75,2.26,38.21444,52485.03,90.12000274658203,2.003655059453823,0.14472682714329027,0.6247286407415611,0.16884471135119822,1.4165793737109458,0.8717069224801637,0.7880086645643354,8.0
2026-08-01,4.75,2.26,38.21444,52485.03,90.12000274658203,1.7359026839773617,0.14458683248177973,0.5135603063393596,0.15734014701514865,1.5258281490776628,0.8154436237782624,0.791271743133021,5.0
2026-08-02,4.75,2.26,38.21444,52485.03,90.12000274658203,1.664770716943484,0.30073884314227073,0.3991206594866476,-0.03606391192197991,1.5017600333757724,0.7660652682052389,0.7655875869387796,3.0
2026-08-03,4.7,2.23,38.36337,53178.41,83.7699966430664,1.3360441126094393,0.06577981768921197,0.6283274878831523,0.11077128055939704,0.9646558962014321,0.6211157189885266,0.7694167700155123,6.0
2026-08-04,4.63,2.19,38.10987,54085.88,79.36000061035156,0.8796381106763197,-0.2474636755769462,0.8404177936465735,0.04335733457093248,0.5920908187488803,0.42160807641315196,0.7615545050025935,7.0
2026-08-05,4.63,2.18,38.10987,54349.12,79.44999694824219,0.8781701979029658,-0.3255670428402041,0.8390686550538684,0.039562465191442055,0.5989161045535113,0.40603007597231666,0.6993120667322723,5.0
2026-08-06,4.69,2.23,38.23539,53885.1,82.48999786376953,1.32982004213644,-0.1683870035449772,0.3796188260604659,0.05226588642058246,0.83815137113944,0.4862938244423902,0.6268947871828644,2.0
2026-08-07,4.65,2.22,38.48346,54036.93,83.55000305175781,0.6143493559813581,-0.32521085403553995,0.126302563979542,0.04461435387522199,0.7433416766315258,0.2406794192864216,0.5367480010123298,6.0
2026-08-08,4.65,2.22,38.48346,54036.93,83.55000305175781,0.5486718362232179,-0.560460818555598,0.19764134502682423,0.036860488690033506,0.4168196732650915,0.12790650492991382,0.43852841260542286,10.0
2026-08-09,4.65,2.22,38.48346,54036.93,83.55000305175781,0.6778484678329992,-0.32403408214115315,0.41056893864147687,0.038161046364806724,0.5615339207775711,0.27281565829514015,0.36806418261826584,3.0
2026-08-10,4.72,2.25,38.54356,53975.98,87.72000122070312,1.001393116755385,-0.08766152854976737,0.4772438313340057,0.04065642424165526,0.937169825056671,0.47376033376758986,0.34701341330098917,4.0
2026-08-11,4.7,2.23,38.09782,53791.85,88.91000366210938,0.8697996591830993,-0.2450927420827489,0.8026021782649845,0.04353840393298808,1.0358410616243092,0.5013377121845265,0.35840336126832845,9.0
2026-08-12,4.68,2.24,38.15281,53770.27,88.9800033569336,0.7385400081622066,-0.16602848295031872,1.1121287088988758,0.04390262055997064,1.0397457993981332,0.5536577308137736,0.3794930262456794,3.0
2026-08-13,4.63,2.21,38.15281,53839.99,87.06999969482422,0.02213203758147292,-0.6390563647926336,0.9140489721905557,0.040450800454102466,0.2612637174365539,0.11976783257401027,0.32713217026448227,6.0
2026-08-14,4.68,2.24,38.26425,53732.41,88.5199966430664,0.6080404844919431,-0.164775299356673,0.9124631290726224,0.04216762616695234,0.262696700060926,0.3321185280871542,0.3401949000931583,7.0
2026-08-15,4.68,2.24,38.26425,53732.41,88.5199966430664,0.8024934061286038,0.07243386579466084,0.7434367998508323,0.045002787456100875,0.24381663273927753,0.38143669839389505,0.37641349915944133,1.0
2026-08-16,4.68,2.24,38.13527,53732.41,88.5199966430664,0.6711016896707033,0.15145608527817955,0.7414437666834308,0.042862995047570705,0.3045721780571105,0.38228734294739897,0.3920523112526212,1.0
2026-08-17,4.72,2.25,38.29256,53459.78,90.87000274658203,1.0606965056658146,-0.007010817422048556,0.5365257197268986,0.04055015939642242,0.1753874500394419,0.3612298034813058,0.3759765212117235,4.0
2026-08-18,4.71,2.27,38.05093,53343.4,91.0199966430664,0.9936049184322466,0.1514665672975416,0.7402678109831912,0.042322933858928845,0.18795169329950587,0.42312278477428283,0.3648029601531172,6.0
2026-08-19,4.65,2.28,38.41061,53463.05,91.62000274658203,0.601218566086701,0.23062509915020638,0.43481447261239403,0.04042608668612403,0.23874033173996884,0.30916491125507883,0.32987541450187513,6.0
2026-08-20,4.69,2.34,38.17747,52759.21,93.77999877929688,0.5352766987702586,0.6270766140796757,0.6957131618283441,0.04825446125250798,0.32691907487142224,0.44664800216044176,0.37657258158565104,5.0
2026-08-21,4.74,2.34,38.08442,53277.01,94.38999938964844,0.6651057866683165,0.6262787256944755,0.44722670919019275,0.04504870737824939,0.22619377064567392,0.4019707399153816,0.3865514689896835,4.0
2026-08-22,4.74,2.34,38.08442,53277.01,94.38999938964844,0.40313036383717893,0.4666819335845358,0.36286310145333855,0.044871170230026985,-0.0346405130983767,0.24858121120134072,0.36757211367646153,7.0
2026-08-23,4.74,2.34,38.08442,53277.01,94.38999938964844,0.14125104987336282,0.5456324720186415,0.024033966148654124,0.037151983131269384,-0.5987725434111938,0.02985938555214681,0.3172252626199969,3.0
2026-08-24,4.7,2.32,38.35818,53417.16,92.16999816894531,0.010250473793122238,0.7834220112032332,-0.032189535557970154,0.03820514491413756,-0.4539850584074605,0.06914060718901247,0.27549823457824074,3.0
2026-08-25,4.64,2.31,38.19681,53577.4,88.58000183105469,-0.38268346011189247,0.7027929759810817,0.10516910322614455,0.03653116056506694,-0.7596256989571232,-0.05956318385934449,0.20654309620200825,4.0
2026-08-26,4.66,2.31,38.23293,53463.88,87.83999633789062,-0.2512290111383764,0.7018427584570185,0.0743067122058227,0.03762467124016927,-0.8216270681628377,-0.051816387479640735,0.15497433923990545,5.0
2026-08-27,4.67,2.31,38.20488,53569.44,89.69999694824219,0.07701161472915197,1.1777813934281516,0.2752049707739772,0.039555457639431926,0.05724076748504818,0.3253588408111522,0.13764731619000695,2.0
2026-08-28,4.73,2.3,38.41,53559.99,89.30999755859375,0.7332058808376655,1.25457563058972,-0.1480981229907836,0.05205833188027147,0.38886935230567926,0.45612221452451057,0.14538324113416823,7.0
2026-08-29,4.73,2.3,38.41,53559.99,89.30999755859375,0.3383733404438423,0.6163811531812183,-0.5245004120654042,0.03370107264793121,-0.1804761215269782,0.0566958065361219,0.11797104046770839,3.0
2026-08-30,4.73,2.3,38.41,53559.99,89.30999755859375,0.27230892474905816,0.6156169285791503,-0.7506464961280419,0.03953570830624443,-0.033871438433620636,0.02858872541455807,0.11778951759090998,6.0
2026-08-31,4.75,2.31,38.31784,53185.9,90.48999786376953,-0.056921614973409876,0.5352307216986935,-0.6421409106085337,0.05670823779385398,-0.026126906802617696,-0.026650094578402773,0.10410513162413638,3.0
2026-09-01,4.79,2.37,38.15435,52766.88,94.6500015258789,0.20654732639332815,1.0123023194536493,-0.5016047777537295,0.10952686812335952,0.3307654210058664,0.2315074314444948,0.14568664809611342,4.0
2026-09-02,4.79,2.35,38.15435,53061.95,95.62999725341797,0.20635493962846277,0.8513522799283736,-0.5010437688421112,0.06415861009022263,0.41455074451234863,0.20707456106345928,0.1826710693165563,3.0
2026-09-03,4.77,2.37,38.57146,53686.11,95.5199966430664,0.4040217763508686,1.2476761767499318,-0.7299563368747107,0.07065172477100436,0.9495933617378114,0.38839734054698105,0.19167656927881757,2.0
2026-09-04,4.78,2.37,38.7888,53414.25,96.27999877929688,0.9310954325557441,1.5620474907065145,-1.1314732187226157,-0.01763252351060444,1.3906144420394595,0.5469303246136996,0.20464915643441597,2.0
2026-09-05,4.78,2.37,38.7888,53414.25,96.27999877929688,0.929550201915821,1.6363560022662005,-1.1291802234079806,-0.006944067726967102,1.379302721563863,0.5618169269221873,0.2768093164895682,2.0
2026-09-06,4.78,2.37,38.7888,53414.25,96.27999877929688,0.5323787755111045,1.2357044362964948,-1.0197273023866948,-0.033797400544739176,1.1160289149030982,0.3661174847558527,0.32502771068118175,6.0
2026-09-07,4.78,2.37,38.05472,53414.25,96.27999877929688,0.795769313478918,1.3120618600889615,-0.17765999983998362,-0.02056082533629004,1.0231659190880042,0.586555253495922,0.41262847469179953,5.0
2026-09-08,4.8,2.4,38.42986,52786.07,97.91999816894531,0.9265572580550433,1.5458545783040187,-0.49895738175980736,0.00028368725057985,1.1615304982454238,0.6270537280190516,0.4691350884881648,6.0
2026-09-09,4.83,2.41,38.42514,52380.66,101.20999908447266,1.1228055187599124,1.620024589600135,-0.49436142919561404,0.005341021354482669,1.4399479269876614,0.7387515255013155,0.5450889405507157,3.0
2026-09-10,4.95,2.46,38.46282,52064.1,107.62999725341797,1.4495748994224653,1.7720563355979513,-0.47458759256569744,0.007439720400512521,1.6275897715937557,0.8764146268897974,0.6148056957425466,5.0
2026-09-11,4.96,2.4,38.2463,52573.29,104.61000061035156,1.6424554764555575,1.4515837095205797,-0.6707859796160192,-0.00019094163205712433,1.2642617266988752,0.7374647982853872,0.6420249062670733,8.0
2026-09-12,4.96,2.4,38.2463,52573.29,104.61000061035156,1.767977484574958,1.3690675135850268,-0.62272907926331,-0.0005637962099874569,1.255419420319525,0.7538343086012425,0.6694559607926527,2.0
2026-09-13,4.96,2.4,38.48382,52573.29,104.61000061035156,2.087398425138343,1.6009820365871148,-0.8259082614323284,0.0005970690661022227,1.4150241745563528,0.8556186887831169,0.739384704225119,8.0
2026-09-14,4.97,2.4,38.71208,52421.2,105.68000030517578,1.8178337095216315,1.360949649626558,-0.9249605009841406,0.00132912463554522,1.3790352628587486,0.7268374491316686,0.7594250178873685,2.0
2026-09-15,5.0,2.41,38.60614,52093.11,108.75,2.005561369181636,1.4359023401994757,-0.8325214755191954,0.005271614050214498,1.635861846209166,0.8500151388242594,0.7912766480023983,2.0
2026-09-16,5.01,2.35,38.35627,51461.9,105.83000183105469,2.061402124909753,0.9618430457478012,-0.7274463375492214,0.009652420521594601,1.3833909892469052,0.7377684485753665,0.7911362084415483,1.0
2026-09-17,4.94,2.32,38.33495,51778.04,104.81999969482422,1.341222809332922,0.6460645719089776,-0.5729116882415612,0.005731297591354837,1.095066785801508,0.5030347552786403,0.7377962267828116,3.0
2026-09-18,5.01,2.31,38.49159,51682.64,103.87000274658203,1.8550233283360278,0.40929388155207264,-0.9147553412664461,0.0055665029962545035,0.9996388681213183,0.4709534479478454,0.6997231767345913,7.0
2026-09-19,5.01,2.31,38.49159,51682.64,103.87000274658203,2.233235943692397,0.3301338543609406,-0.6039519173614412,0.006570816736441224,0.9469738877270829,0.5825925170310842,0.6752600636531402,6.0
2026-09-20,5.01,2.31,38.49159,51682.64,103.87000274658203,1.9658445722217377,-0.1431597575040604,-0.8039087286337866,-0.0026003611303985256,0.7619470575134631,0.35562455649339103,0.6038323304688936,1.0
2026-09-21,4.96,2.33,38.59664,52048.83,100.33999633789062,1.3167290086282886,0.014768540639287838,-0.9731981349414266,0.00012224507959994024,0.4087733748250644,0.15343900684616282,0.5219182672852499,1.0
2026-09-22,4.96,2.32,38.59664,51863.69,99.25,1.3136247021652623,-0.06421484229823883,-0.97156313268053,0.0028712506132745597,0.3155304787124691,0.11924969130244742,0.4175232033535625,1.0
